{
    "zonas": [
        {
            "id":1,
            "zonas":"Zona Norte",
            "ciudades":"GALICIA, PAÍS VASCO, CANTABRIA, LA RIOJA, NAVARRA Y ASTURIAS",
            "enlaceZonas":"IR A PÁGINA DE ZONA",
            "enlaceCursos":"VER CURSOS EN ESTA ZONA"
        },
        {
            "id":2,
            "zonas":"Zona Sur",
            "ciudades":"ANDALUCÍA, EXTREMADURA, CANARIAS",
            "enlaceZonas":"IR A PÁGINA DE ZONA",
            "enlaceCursos":"VER CURSOS EN ESTA ZONA"
        },
        {
            "id":3,
            "zonas":"Zona Este",
            "ciudades":"CATALUÑA, ISLAS BALEARES, CASTILLA LA MANCHA, C. VALENCIANA Y MURCIA",
            "enlaceZonas":"IR A PÁGINA DE ZONA",
            "enlaceCursos":"VER CURSOS EN ESTA ZONA"
        },
        {
            "id":4,
            "zonas":"Zona Centro",
            "ciudades":"MADRID, ARAGÓN Y CASTILLA Y LEÓN",
            "enlaceZonas":"IR A PÁGINA DE ZONA",
            "enlaceCursos":"VER CURSOS EN ESTA ZONA"
        }
    ]
}